{
  "config": {
    "ignore_stop_words": true,
    "unit_name": "lookup_intent_parser"
  },
  "entity_scopes": [
    {
      "entity_scope": {
        "builtin": [],
        "custom": [
          "respient",
          "subName"
        ]
      },
      "intent_group": [
        "email"
      ]
    },
    {
      "entity_scope": {
        "builtin": [],
        "custom": []
      },
      "intent_group": [
        "getGreeting",
        "helpme",
        "shutdown"
      ]
    },
    {
      "entity_scope": {
        "builtin": [],
        "custom": [
          "Thing"
        ]
      },
      "intent_group": [
        "getNews"
      ]
    },
    {
      "entity_scope": {
        "builtin": [],
        "custom": [
          "queryName"
        ]
      },
      "intent_group": [
        "getSearch"
      ]
    },
    {
      "entity_scope": {
        "builtin": [
          "snips/time"
        ],
        "custom": []
      },
      "intent_group": [
        "getTime"
      ]
    },
    {
      "entity_scope": {
        "builtin": [
          "snips/datetime",
          "snips/timePeriod"
        ],
        "custom": [
          "current_location",
          "location",
          "temperature",
          "snips/Date"
        ]
      },
      "intent_group": [
        "getWeather"
      ]
    },
    {
      "entity_scope": {
        "builtin": [],
        "custom": [
          "appName"
        ]
      },
      "intent_group": [
        "launchApp"
      ]
    },
    {
      "entity_scope": {
        "builtin": [],
        "custom": [
          "pageName"
        ]
      },
      "intent_group": [
        "openWeb"
      ]
    },
    {
      "entity_scope": {
        "builtin": [
          "snips/musicArtist",
          "snips/musicAlbum"
        ],
        "custom": [
          "musicTrack"
        ]
      },
      "intent_group": [
        "playMusic"
      ]
    }
  ],
  "intents_names": [
    "email",
    "getGreeting",
    "getNews",
    "getSearch",
    "getTime",
    "getWeather",
    "helpme",
    "launchApp",
    "openWeb",
    "playMusic",
    "shutdown"
  ],
  "language_code": "en",
  "map": {
    "-2105620734": [
      2,
      [
        2
      ]
    ],
    "-2078137563": [
      1,
      []
    ],
    "-2071765766": [
      4,
      [
        4
      ]
    ],
    "-1995294318": [
      1,
      []
    ],
    "-1993293754": [
      3,
      [
        3
      ]
    ],
    "-1969573763": [
      6,
      []
    ],
    "-1952410098": [
      2,
      []
    ],
    "-1813763493": [
      5,
      [
        5,
        6,
        4
      ]
    ],
    "-1714869607": [
      3,
      [
        3
      ]
    ],
    "-1678147506": [
      4,
      [
        4
      ]
    ],
    "-1638490639": [
      2,
      [
        2
      ]
    ],
    "-1600489846": [
      2,
      [
        2
      ]
    ],
    "-1562509691": [
      9,
      [
        12
      ]
    ],
    "-1495629739": [
      8,
      [
        12
      ]
    ],
    "-1447715869": [
      9,
      [
        12,
        14
      ]
    ],
    "-1399411406": [
      0,
      [
        0
      ]
    ],
    "-1373772862": [
      9,
      [
        12,
        13
      ]
    ],
    "-1225624671": [
      10,
      []
    ],
    "-1198723624": [
      2,
      [
        2
      ]
    ],
    "-1146704661": [
      9,
      [
        12,
        13
      ]
    ],
    "-1138752662": [
      9,
      [
        12
      ]
    ],
    "-875378510": [
      6,
      []
    ],
    "-764549526": [
      3,
      [
        3
      ]
    ],
    "-732532956": [
      2,
      [
        2
      ]
    ],
    "-722360537": [
      5,
      []
    ],
    "-639016676": [
      1,
      []
    ],
    "-558835845": [
      7,
      [
        11
      ]
    ],
    "-557939490": [
      3,
      []
    ],
    "-496942410": [
      3,
      [
        3
      ]
    ],
    "-495385064": [
      7,
      [
        11
      ]
    ],
    "-450781118": [
      4,
      [
        4
      ]
    ],
    "-382533499": [
      7,
      [
        11
      ]
    ],
    "-382125421": [
      5,
      [
        5,
        6
      ]
    ],
    "-372084437": [
      10,
      []
    ],
    "-353215084": [
      0,
      [
        0,
        1
      ]
    ],
    "-279792843": [
      3,
      [
        3
      ]
    ],
    "-62991686": [
      7,
      [
        11
      ]
    ],
    "-60030453": [
      10,
      []
    ],
    "-57473534": [
      7,
      [
        11
      ]
    ],
    "-1682249": [
      10,
      []
    ],
    "49085994": [
      5,
      [
        4
      ]
    ],
    "99704380": [
      5,
      [
        9
      ]
    ],
    "110374290": [
      5,
      [
        5
      ]
    ],
    "171294487": [
      0,
      [
        0,
        1
      ]
    ],
    "315938776": [
      4,
      []
    ],
    "353450477": [
      0,
      [
        0
      ]
    ],
    "368007094": [
      7,
      [
        11
      ]
    ],
    "468119839": [
      1,
      []
    ],
    "498252997": [
      10,
      []
    ],
    "562799432": [
      5,
      [
        8,
        5
      ]
    ],
    "589124166": [
      3,
      [
        3
      ]
    ],
    "606785946": [
      8,
      [
        12
      ]
    ],
    "702363627": [
      6,
      []
    ],
    "760270828": [
      9,
      [
        12
      ]
    ],
    "797822556": [
      6,
      []
    ],
    "848724943": [
      1,
      []
    ],
    "867803503": [
      8,
      [
        12
      ]
    ],
    "1013471098": [
      9,
      [
        12
      ]
    ],
    "1028697255": [
      5,
      [
        7
      ]
    ],
    "1241560335": [
      10,
      []
    ],
    "1244159172": [
      1,
      []
    ],
    "1256939055": [
      5,
      [
        5,
        4,
        4
      ]
    ],
    "1321218949": [
      4,
      [
        4
      ]
    ],
    "1412621319": [
      5,
      [
        4
      ]
    ],
    "1439269750": [
      1,
      []
    ],
    "1449726556": [
      4,
      [
        4
      ]
    ],
    "1467258670": [
      2,
      [
        2
      ]
    ],
    "1524204223": [
      0,
      []
    ],
    "1604479674": [
      6,
      []
    ],
    "1697025267": [
      1,
      []
    ],
    "1717883419": [
      5,
      [
        5
      ]
    ],
    "1739786252": [
      9,
      [
        12,
        14
      ]
    ],
    "1853419916": [
      5,
      [
        10,
        4
      ]
    ],
    "1969910510": [
      8,
      [
        12
      ]
    ],
    "1989745592": [
      6,
      []
    ],
    "2005047464": [
      5,
      []
    ],
    "2047540469": [
      0,
      [
        0
      ]
    ]
  },
  "slots_names": [
    "res",
    "sub",
    "thing",
    "query",
    "time",
    "city",
    "state",
    "date1",
    "temp_description",
    "geo_poi",
    "timePeriod",
    "app",
    "name",
    "artist",
    "album"
  ],
  "stop_words_whitelist": {
    "getTime": [
      "now"
    ]
  }
}