{"version":"0.8.0","parser_filename":"parser","threshold":0.7,"stop_words":["out","time","two","life","my","from","on","me","album","new","love","hits","up","what","live","&","hundred","three","at","the","night","this","soundtrack","for","is","vol","and","i","to","with","black","all","world","best","a","greatest","songs","your","'s","one","music","in","four","of","now","you","thousand","it","nine","no"],"edge_cases":["Love You Live","what.","The Black","Night Songs","My World 2.0","Time of My Life","All the Best!","Greatest Hits Vol. 2","My World","Four","Music","4","Best Of","The One","Love of Life","The Album","Out of This World","What's THIS For...!","Love You","What Hits!?","1","2","Now","Life","Out of Time","Love Me Now?","The Hits","Best Night of My Life","#3","For Your Love","On the Night","I Love You","No No No","Album","Night Time, My Time","Love","Up","Time Out","Love?","Live","Live Album","It's Time","The Life","Greatest Hits, Vol. 1","This Is the One","The Best of Me","The Now Now","A Time to Love","On and On","The Time Is Now","Up All Night","Love Songs","What For?","What Is Love?","On Time","Best Of...","I and Love and You","Songs","...All This Time","2001","Now Is the Time","album","A","Greatest","One for All","Love & Life","All for Love","Night Time","It's My Life","9","Live!","This Is the Life","The Greatest","Greatest Hits","One","My Love Is Your Love","Black One","No. 4 (album)","Time","One Love","Up!","Now What?!","All for You","For Life","9.0: Live","One on One","A Live One","New","The Black Album","Music & Me","Up to Now","1 of 1","The Best","101","What's New","For You","Is This It","0304","Me! Me! Me!","The Greatest Hits","Love Is","...Hits","Time's Up","The Love Album","It's Your Night","The Time","My Life"]}