{
  "parsers_metadata": [
    {
      "entity_identifier": "Thing",
      "entity_parser": "parser_1"
    },
    {
      "entity_identifier": "appName",
      "entity_parser": "parser_2"
    },
    {
      "entity_identifier": "current_location",
      "entity_parser": "parser_3"
    },
    {
      "entity_identifier": "location",
      "entity_parser": "parser_4"
    },
    {
      "entity_identifier": "musicTrack",
      "entity_parser": "parser_5"
    },
    {
      "entity_identifier": "pageName",
      "entity_parser": "parser_6"
    },
    {
      "entity_identifier": "queryName",
      "entity_parser": "parser_7"
    },
    {
      "entity_identifier": "respient",
      "entity_parser": "parser_8"
    },
    {
      "entity_identifier": "snips/Date",
      "entity_parser": "parser_9"
    },
    {
      "entity_identifier": "subName",
      "entity_parser": "parser_10"
    },
    {
      "entity_identifier": "temperature",
      "entity_parser": "parser_11"
    }
  ]
}