{"version":"0.8.0","parser_filename":"parser","threshold":0.5,"stop_words":["steve","paul","david","van","williams","jones","richard","mark","robert","brown","&","park","kim","the","band","chris","and","tom","smith","billy","black","joe","lee","michael","mike","of","john","jackson","james","george"],"edge_cases":["Tom Jackson","Black","Joe","Steve Smith","James","Joe Jackson","David","Michael Jackson","The The","Mike Jones","John Williams","Steve Jones","Paul Jones","Chris Brown","John Paul Jones","George Jones","The Band","Tom Jones","Joe Brown","George Michael","James Brown","Paul Williams","Billy Paul","Robert Smith"]}